{"cameraMode":{"drawMode":0,"name":"Shaded","section":"Shading Mode"},"sceneLighting":true,"audioPlay":false,"sceneViewState":{"showFog":true,"showMaterialUpdate":false,"showSkybox":false,"showFlares":true,"showImageEffects":true,"showParticleSystems":true},"in2DMode":false,"pivot":{"x":5.206500053405762,"y":2.5568785667419435,"z":3.622300624847412},"rotation":{"x":-0.11840064823627472,"y":-0.3616403043270111,"z":0.04637361690402031,"w":-0.9236389994621277},"size":3.2392618656158449,"orthographic":false}