{"cameraMode":{"drawMode":0,"name":"Shaded","section":"Shading Mode"},"sceneLighting":true,"audioPlay":false,"sceneViewState":{"showFog":true,"showMaterialUpdate":false,"showSkybox":false,"showFlares":true,"showImageEffects":true,"showParticleSystems":true},"in2DMode":false,"pivot":{"x":11.59504508972168,"y":2.9620070457458498,"z":1.830998420715332},"rotation":{"x":0.04092071205377579,"y":0.928608775138855,"z":-0.10773379355669022,"w":0.3527149558067322},"size":7.274612903594971,"orthographic":false}