{"cameraMode":{"drawMode":0,"name":"Shaded","section":"Shading Mode"},"sceneLighting":false,"audioPlay":false,"sceneViewState":{"showFog":true,"showMaterialUpdate":false,"showSkybox":false,"showFlares":true,"showImageEffects":true,"showParticleSystems":true},"in2DMode":false,"pivot":{"x":10.12484359741211,"y":-6.490322589874268,"z":-0.09007948637008667},"rotation":{"x":0.019533805549144746,"y":0.9793862700462341,"z":-0.1623001992702484,"w":0.11951150000095368},"size":3.8783318996429445,"orthographic":false}