{"cameraMode":{"drawMode":0,"name":"Shaded","section":"Shading Mode"},"sceneLighting":true,"audioPlay":false,"sceneViewState":{"showFog":true,"showMaterialUpdate":false,"showSkybox":false,"showFlares":true,"showImageEffects":true,"showParticleSystems":true},"in2DMode":false,"pivot":{"x":-1.1293753385543824,"y":-8.781847953796387,"z":0.45352792739868166},"rotation":{"x":0.13272961974143983,"y":0.2312431037425995,"z":-0.0318717397749424,"w":0.9633397459983826},"size":0.36350017786026,"orthographic":false}