{"cameraMode":{"drawMode":0,"name":"Shaded","section":"Shading Mode"},"sceneLighting":false,"audioPlay":false,"sceneViewState":{"showFog":true,"showMaterialUpdate":false,"showSkybox":false,"showFlares":true,"showImageEffects":true,"showParticleSystems":true},"in2DMode":false,"pivot":{"x":-6.414132118225098,"y":3.9565515518188478,"z":-5.54279899597168},"rotation":{"x":-0.09103217720985413,"y":-0.8707364797592163,"z":0.17590823769569398,"w":-0.4502703845500946},"size":9.80306339263916,"orthographic":false}