{"cameraMode":{"drawMode":0,"name":"Shaded","section":"Shading Mode"},"sceneLighting":true,"audioPlay":false,"sceneViewState":{"showFog":true,"showMaterialUpdate":false,"showSkybox":true,"showFlares":true,"showImageEffects":true,"showParticleSystems":true},"in2DMode":false,"pivot":{"x":5.47050142288208,"y":-8.42281723022461,"z":2.0080409049987795},"rotation":{"x":0.08358181267976761,"y":0.27832022309303286,"z":-0.024859530851244928,"w":0.9567754864692688},"size":7.304966449737549,"orthographic":false}