{"cameraMode":{"drawMode":0,"name":"Shaded","section":"Shading Mode"},"sceneLighting":false,"audioPlay":false,"sceneViewState":{"showFog":true,"showMaterialUpdate":false,"showSkybox":false,"showFlares":true,"showImageEffects":true,"showParticleSystems":true},"in2DMode":false,"pivot":{"x":17.364355087280275,"y":-2.2539374828338625,"z":5.25383996963501},"rotation":{"x":-0.1171623021364212,"y":0.8830200433731079,"z":-0.31346529722213747,"w":-0.329393595457077},"size":0.32166773080825808,"orthographic":false}