{"cameraMode":{"drawMode":0,"name":"Shaded","section":"Shading Mode"},"sceneLighting":true,"audioPlay":false,"sceneViewState":{"showFog":true,"showMaterialUpdate":false,"showSkybox":true,"showFlares":true,"showImageEffects":true,"showParticleSystems":true},"in2DMode":false,"pivot":{"x":-0.21663832664489747,"y":10.474654197692871,"z":4.263404846191406},"rotation":{"x":-0.32525569200515749,"y":-0.6656932234764099,"z":0.4030188024044037,"w":-0.5372704863548279},"size":1.2247449159622193,"orthographic":false}