{"cameraMode":{"drawMode":0,"name":"Shaded","section":"Shading Mode"},"sceneLighting":true,"audioPlay":false,"sceneViewState":{"showFog":true,"showMaterialUpdate":false,"showSkybox":true,"showFlares":true,"showImageEffects":true,"showParticleSystems":true},"in2DMode":false,"pivot":{"x":11.286855697631836,"y":0.7545071244239807,"z":26.198192596435548},"rotation":{"x":-0.005832267459481955,"y":0.9934195876121521,"z":-0.10287781059741974,"w":-0.054772332310676578},"size":0.7263768911361694,"orthographic":false}