{"cameraMode":{"drawMode":0,"name":"Shaded","section":"Shading Mode"},"sceneLighting":true,"audioPlay":false,"sceneViewState":{"showFog":true,"showMaterialUpdate":false,"showSkybox":true,"showFlares":true,"showImageEffects":true,"showParticleSystems":true},"in2DMode":false,"pivot":{"x":10.170680046081543,"y":-0.5418868660926819,"z":25.486154556274415},"rotation":{"x":0.03571949154138565,"y":0.9643229246139526,"z":-0.1796901971101761,"w":0.19239532947540284},"size":0.7263768911361694,"orthographic":false}