{"cameraMode":{"drawMode":0,"name":"Shaded","section":"Shading Mode"},"sceneLighting":true,"audioPlay":false,"sceneViewState":{"showFog":true,"showMaterialUpdate":false,"showSkybox":true,"showFlares":true,"showImageEffects":true,"showParticleSystems":true},"in2DMode":false,"pivot":{"x":-0.6590321063995361,"y":-0.020319223403930665,"z":0.4309210777282715},"rotation":{"x":0.2270718812942505,"y":-0.29170575737953188,"z":0.07170760631561279,"w":0.9265043139457703},"size":2.7247447967529299,"orthographic":false}