{"cameraMode":{"drawMode":0,"name":"Shaded","section":"Shading Mode"},"sceneLighting":true,"audioPlay":false,"sceneViewState":{"showFog":true,"showMaterialUpdate":false,"showSkybox":true,"showFlares":true,"showImageEffects":true,"showParticleSystems":true},"in2DMode":false,"pivot":{"x":-5.988560676574707,"y":14.574203491210938,"z":-54.43626403808594},"rotation":{"x":-0.05795640870928764,"y":-0.1297050267457962,"z":0.007628484629094601,"w":-0.9898617267608643},"size":10.239127159118653,"orthographic":false}