{"cameraMode":{"drawMode":0,"name":"Shaded","section":"Shading Mode"},"sceneLighting":false,"audioPlay":false,"sceneViewState":{"showFog":true,"showMaterialUpdate":false,"showSkybox":false,"showFlares":true,"showImageEffects":true,"showParticleSystems":true},"in2DMode":false,"pivot":{"x":-0.15566062927246095,"y":0.3035430908203125,"z":1.706611156463623},"rotation":{"x":-0.0838596373796463,"y":0.9108814597129822,"z":-0.3323011100292206,"w":-0.22987043857574464},"size":5.462517261505127,"orthographic":false}